run_id,source,parent,target,time-lag,strength
0,input_data,ARO,ARO,-1,0.675970573277393
0,input_data,NPO,NPO,-1,0.5253014305784536
0,input_data,EPO,CAR,-1,0.12024132306095686
0,input_data,EPO,SEA,-1,0.1568942073142653
0,input_data,EPO,SPO,-1,0.116703512212517
0,input_data,EPO,EAO,-1,0.22407587514349825
0,input_data,EPO,BOB,-1,0.16634989878894718
0,input_data,EPO,EIO,-1,0.19384082611912173
0,input_data,EPO,SIO,-1,0.12346679395708966
0,input_data,NAO,NAO,-1,0.4984135504164225
0,input_data,SAO,SAO,-1,0.4702418296519858
0,input_data,BOB,NPO,-5,-0.2514353049361099
0,input_data,SOO,SOO,-1,0.0
0,emulation,ARO,ARO,-1,0.6725860422463203
0,emulation,NPO,NPO,-1,0.48394812097261436
0,emulation,EPO,CAR,-1,0.10623932557107865
0,emulation,EPO,SEA,-1,0.176349414131605
0,emulation,EPO,SPO,-1,0.10364563699141714
0,emulation,EPO,EAO,-1,0.22190946296368427
0,emulation,EPO,BOB,-1,0.1698428712377788
0,emulation,EPO,EIO,-1,0.1949315118020305
0,emulation,EPO,SIO,-1,0.1191478535404596
0,emulation,NAO,NAO,-1,0.4140608973412905
0,emulation,SAO,EAO,-2,0.21407754839231471
0,emulation,SAO,SAO,-1,0.5073874404419044
0,emulation,BOB,NPO,-5,-0.3049747278142951
0,emulation,SOO,SOO,-1,0.0
1,input_data,ARO,ARO,-1,0.675970573277393
1,input_data,NPO,NPO,-1,0.5253014305784536
1,input_data,EPO,CAR,-1,0.12024132306095686
1,input_data,EPO,SEA,-1,0.1568942073142653
1,input_data,EPO,SPO,-1,0.116703512212517
1,input_data,EPO,EAO,-1,0.22407587514349825
1,input_data,EPO,BOB,-1,0.16634989878894718
1,input_data,EPO,EIO,-1,0.19384082611912173
1,input_data,EPO,SIO,-1,0.12346679395708966
1,input_data,NAO,NAO,-1,0.4984135504164225
1,input_data,SAO,SAO,-1,0.4702418296519858
1,input_data,BOB,NPO,-5,-0.2514353049361099
1,input_data,SOO,SOO,-1,0.0
1,emulation,ARO,ARO,-1,0.6997990809857686
1,emulation,NPO,NPO,-1,0.5279415742771891
1,emulation,EPO,CAR,-1,0.10809755084303203
1,emulation,EPO,SEA,-1,0.1552743149784251
1,emulation,EPO,SPO,-1,0.12247085308613992
1,emulation,EPO,EAO,-1,0.20564780780317152
1,emulation,EPO,BOB,-1,0.18967594492233292
1,emulation,EPO,EIO,-1,0.2085021144589659
1,emulation,EPO,SIO,-1,0.10842289488208481
1,emulation,NAO,NAO,-1,0.5055467295669327
1,emulation,SAO,SAO,-1,0.468244267606585
1,emulation,BOB,NPO,-5,-0.293567622923225
1,emulation,SOO,SOO,-1,0.0
2,input_data,ARO,ARO,-1,0.675970573277393
2,input_data,NPO,NPO,-1,0.5253014305784536
2,input_data,EPO,CAR,-1,0.12024132306095686
2,input_data,EPO,SEA,-1,0.1568942073142653
2,input_data,EPO,SPO,-1,0.116703512212517
2,input_data,EPO,EAO,-1,0.22407587514349825
2,input_data,EPO,BOB,-1,0.16634989878894718
2,input_data,EPO,EIO,-1,0.19384082611912173
2,input_data,EPO,SIO,-1,0.12346679395708966
2,input_data,NAO,NAO,-1,0.4984135504164225
2,input_data,SAO,SAO,-1,0.4702418296519858
2,input_data,BOB,NPO,-5,-0.2514353049361099
2,input_data,SOO,SOO,-1,0.0
2,emulation,ARO,ARO,-1,0.5977042446007265
2,emulation,NPO,NPO,-1,0.5261077783186131
2,emulation,EPO,CAR,-1,0.13152515137771154
2,emulation,EPO,SEA,-1,0.1438851276399435
2,emulation,EPO,SPO,-1,0.09642167418920586
2,emulation,EPO,EAO,-1,0.21658971238278332
2,emulation,EPO,BOB,-1,0.18645904462870766
2,emulation,EPO,EIO,-1,0.17943329346113115
2,emulation,EPO,SIO,-1,0.11560020039887069
2,emulation,NAO,NAO,-1,0.5264698877422849
2,emulation,SAO,SAO,-1,0.46317021191866603
2,emulation,BOB,NPO,-5,-0.23138411280016333
2,emulation,SOO,SOO,-1,0.0
3,input_data,ARO,ARO,-1,0.675970573277393
3,input_data,NPO,NPO,-1,0.5253014305784536
3,input_data,EPO,CAR,-1,0.12024132306095686
3,input_data,EPO,SEA,-1,0.1568942073142653
3,input_data,EPO,SPO,-1,0.116703512212517
3,input_data,EPO,EAO,-1,0.22407587514349825
3,input_data,EPO,BOB,-1,0.16634989878894718
3,input_data,EPO,EIO,-1,0.19384082611912173
3,input_data,EPO,SIO,-1,0.12346679395708966
3,input_data,NAO,NAO,-1,0.4984135504164225
3,input_data,SAO,SAO,-1,0.4702418296519858
3,input_data,BOB,NPO,-5,-0.2514353049361099
3,input_data,SOO,SOO,-1,0.0
3,emulation,ARO,ARO,-1,0.656041443343699
3,emulation,NPO,NPO,-1,0.5439019802855406
3,emulation,EPO,CAR,-1,0.11149840912580541
3,emulation,EPO,SEA,-1,0.1551024234036189
3,emulation,EPO,SPO,-1,0.12706172824416162
3,emulation,EPO,EAO,-1,0.2683380264871908
3,emulation,EPO,BOB,-1,0.15872459681392892
3,emulation,EPO,EIO,-1,0.19497556777491487
3,emulation,EPO,SIO,-1,0.11588807915848526
3,emulation,NAO,NAO,-1,0.49455310923209983
3,emulation,SAO,SAO,-1,0.4482380761933983
3,emulation,BOB,NPO,-5,-0.30202272336920977
3,emulation,EIO,SPO,-1,0.08945693209087921
3,emulation,SOO,SOO,-1,0.0
4,input_data,ARO,ARO,-1,0.675970573277393
4,input_data,NPO,NPO,-1,0.5253014305784536
4,input_data,EPO,CAR,-1,0.12024132306095686
4,input_data,EPO,SEA,-1,0.1568942073142653
4,input_data,EPO,SPO,-1,0.116703512212517
4,input_data,EPO,EAO,-1,0.22407587514349825
4,input_data,EPO,BOB,-1,0.16634989878894718
4,input_data,EPO,EIO,-1,0.19384082611912173
4,input_data,EPO,SIO,-1,0.12346679395708966
4,input_data,NAO,NAO,-1,0.4984135504164225
4,input_data,SAO,SAO,-1,0.4702418296519858
4,input_data,BOB,NPO,-5,-0.2514353049361099
4,input_data,SOO,SOO,-1,0.0
4,emulation,ARO,ARO,-1,0.633891455488759
4,emulation,NPO,NPO,-1,0.5149181668933505
4,emulation,EPO,CAR,-1,0.1427195903971928
4,emulation,EPO,SEA,-1,0.1447095891631109
4,emulation,EPO,SPO,-1,0.11814937906268637
4,emulation,EPO,EAO,-1,0.24519524468480763
4,emulation,EPO,BOB,-1,0.16537095715115588
4,emulation,EPO,EIO,-1,0.1732277457237679
4,emulation,EPO,SIO,-1,0.13740448394342886
4,emulation,NAO,NAO,-1,0.49554196152205815
4,emulation,SAO,SAO,-1,0.45235544250672777
4,emulation,BOB,NPO,-5,-0.21180862799865538
4,emulation,SOO,SOO,-1,0.0
5,input_data,ARO,ARO,-1,0.675970573277393
5,input_data,NPO,NPO,-1,0.5253014305784536
5,input_data,EPO,CAR,-1,0.12024132306095686
5,input_data,EPO,SEA,-1,0.1568942073142653
5,input_data,EPO,SPO,-1,0.116703512212517
5,input_data,EPO,EAO,-1,0.22407587514349825
5,input_data,EPO,BOB,-1,0.16634989878894718
5,input_data,EPO,EIO,-1,0.19384082611912173
5,input_data,EPO,SIO,-1,0.12346679395708966
5,input_data,NAO,NAO,-1,0.4984135504164225
5,input_data,SAO,SAO,-1,0.4702418296519858
5,input_data,BOB,NPO,-5,-0.2514353049361099
5,input_data,SOO,SOO,-1,0.0
5,emulation,ARO,ARO,-1,0.6203594803965689
5,emulation,NPO,NPO,-1,0.5037431841136842
5,emulation,EPO,CAR,-1,0.13209661708895717
5,emulation,EPO,SEA,-1,0.1268202531224775
5,emulation,EPO,SPO,-1,0.13418742936890246
5,emulation,EPO,EAO,-1,0.23479294604365547
5,emulation,EPO,BOB,-1,0.15589001825123702
5,emulation,EPO,EIO,-1,0.19470743638027652
5,emulation,EPO,SIO,-1,0.08627804376190097
5,emulation,SPO,ARS,-4,-0.2376526406148661
5,emulation,NAO,NAO,-1,0.46136370341189475
5,emulation,SAO,SAO,-1,0.40973929061810743
5,emulation,BOB,NPO,-5,-0.19176417472331278
5,emulation,SOO,SOO,-1,0.0
6,input_data,ARO,ARO,-1,0.675970573277393
6,input_data,NPO,NPO,-1,0.5253014305784536
6,input_data,EPO,CAR,-1,0.12024132306095686
6,input_data,EPO,SEA,-1,0.1568942073142653
6,input_data,EPO,SPO,-1,0.116703512212517
6,input_data,EPO,EAO,-1,0.22407587514349825
6,input_data,EPO,BOB,-1,0.16634989878894718
6,input_data,EPO,EIO,-1,0.19384082611912173
6,input_data,EPO,SIO,-1,0.12346679395708966
6,input_data,NAO,NAO,-1,0.4984135504164225
6,input_data,SAO,SAO,-1,0.4702418296519858
6,input_data,BOB,NPO,-5,-0.2514353049361099
6,input_data,SOO,SOO,-1,0.0
6,emulation,ARO,ARO,-1,0.6632275457893902
6,emulation,NPO,NPO,-1,0.5214920468456472
6,emulation,EPO,CAR,-1,0.12120797657969257
6,emulation,EPO,SEA,-1,0.16944993032476466
6,emulation,EPO,SPO,-1,0.11800590094545294
6,emulation,EPO,EAO,-1,0.22010157579303022
6,emulation,EPO,BOB,-1,0.17880728844354554
6,emulation,EPO,EIO,-1,0.19077538200876024
6,emulation,EPO,SIO,-1,0.1134977015618715
6,emulation,NAO,NAO,-1,0.45240770769910316
6,emulation,EAO,NPO,-3,-0.10691269831395878
6,emulation,SAO,SAO,-1,0.4593837672880522
6,emulation,BOB,NPO,-5,-0.2243508501309877
6,emulation,SOO,SOO,-1,0.0
7,input_data,ARO,ARO,-1,0.675970573277393
7,input_data,NPO,NPO,-1,0.5253014305784536
7,input_data,EPO,CAR,-1,0.12024132306095686
7,input_data,EPO,SEA,-1,0.1568942073142653
7,input_data,EPO,SPO,-1,0.116703512212517
7,input_data,EPO,EAO,-1,0.22407587514349825
7,input_data,EPO,BOB,-1,0.16634989878894718
7,input_data,EPO,EIO,-1,0.19384082611912173
7,input_data,EPO,SIO,-1,0.12346679395708966
7,input_data,NAO,NAO,-1,0.4984135504164225
7,input_data,SAO,SAO,-1,0.4702418296519858
7,input_data,BOB,NPO,-5,-0.2514353049361099
7,input_data,SOO,SOO,-1,0.0
7,emulation,ARO,ARO,-1,0.6154218843254323
7,emulation,NPO,NPO,-1,0.5482677421847243
7,emulation,EPO,CAR,-1,0.11628265387694957
7,emulation,EPO,SEA,-1,0.1446369643738089
7,emulation,EPO,SPO,-1,0.12114922693885054
7,emulation,EPO,EAO,-1,0.17367747041437193
7,emulation,EPO,BOB,-1,0.16294697707462924
7,emulation,EPO,EIO,-1,0.1832699198605652
7,emulation,EPO,SIO,-1,0.1344526482041528
7,emulation,NAO,NAO,-1,0.44330245600310025
7,emulation,SAO,SAO,-1,0.47867079511273486
7,emulation,BOB,NPO,-5,-0.2526559159960346
7,emulation,SOO,SOO,-1,0.0
8,input_data,ARO,ARO,-1,0.675970573277393
8,input_data,NPO,NPO,-1,0.5253014305784536
8,input_data,EPO,CAR,-1,0.12024132306095686
8,input_data,EPO,SEA,-1,0.1568942073142653
8,input_data,EPO,SPO,-1,0.116703512212517
8,input_data,EPO,EAO,-1,0.22407587514349825
8,input_data,EPO,BOB,-1,0.16634989878894718
8,input_data,EPO,EIO,-1,0.19384082611912173
8,input_data,EPO,SIO,-1,0.12346679395708966
8,input_data,NAO,NAO,-1,0.4984135504164225
8,input_data,SAO,SAO,-1,0.4702418296519858
8,input_data,BOB,NPO,-5,-0.2514353049361099
8,input_data,SOO,SOO,-1,0.0
8,emulation,ARO,ARO,-1,0.6656818863675933
8,emulation,NPO,NPO,-1,0.5487223085338552
8,emulation,EPO,CAR,-1,0.1348225389652917
8,emulation,EPO,SEA,-1,0.1662478823391175
8,emulation,EPO,SPO,-1,0.11012110256469201
8,emulation,EPO,EAO,-1,0.21694339533186252
8,emulation,EPO,BOB,-1,0.1800394431647
8,emulation,EPO,EIO,-1,0.18970491700785644
8,emulation,EPO,SIO,-1,0.12779811597743287
8,emulation,NAO,NAO,-1,0.5115242629628327
8,emulation,EAO,MED,-4,0.21254484164192955
8,emulation,SAO,SAO,-1,0.5150190492883471
8,emulation,BOB,NPO,-5,-0.18230502517003608
8,emulation,SOO,SOO,-1,0.0
9,input_data,ARO,ARO,-1,0.675970573277393
9,input_data,NPO,NPO,-1,0.5253014305784536
9,input_data,EPO,CAR,-1,0.12024132306095686
9,input_data,EPO,SEA,-1,0.1568942073142653
9,input_data,EPO,SPO,-1,0.116703512212517
9,input_data,EPO,EAO,-1,0.22407587514349825
9,input_data,EPO,BOB,-1,0.16634989878894718
9,input_data,EPO,EIO,-1,0.19384082611912173
9,input_data,EPO,SIO,-1,0.12346679395708966
9,input_data,NAO,NAO,-1,0.4984135504164225
9,input_data,SAO,SAO,-1,0.4702418296519858
9,input_data,BOB,NPO,-5,-0.2514353049361099
9,input_data,SOO,SOO,-1,0.0
9,emulation,ARO,ARO,-1,0.6590745506777547
9,emulation,NPO,NPO,-1,0.5497443044433286
9,emulation,EPO,CAR,-1,0.11242723762726764
9,emulation,EPO,SEA,-1,0.16312487408771978
9,emulation,EPO,SPO,-1,0.11924528361841628
9,emulation,EPO,EAO,-1,0.2511919697575566
9,emulation,EPO,BOB,-1,0.1688265960225018
9,emulation,EPO,EIO,-1,0.18643377921251977
9,emulation,EPO,SIO,-1,0.1122342612724408
9,emulation,NAO,NAO,-1,0.4925037586102214
9,emulation,SAO,SAO,-1,0.4997609033957489
9,emulation,BOB,NPO,-5,-0.25238194461365476
9,emulation,SOO,SOO,-1,0.0
10,input_data,ARO,ARO,-1,0.675970573277393
10,input_data,NPO,NPO,-1,0.5253014305784536
10,input_data,EPO,CAR,-1,0.12024132306095686
10,input_data,EPO,SEA,-1,0.1568942073142653
10,input_data,EPO,SPO,-1,0.116703512212517
10,input_data,EPO,EAO,-1,0.22407587514349825
10,input_data,EPO,BOB,-1,0.16634989878894718
10,input_data,EPO,EIO,-1,0.19384082611912173
10,input_data,EPO,SIO,-1,0.12346679395708966
10,input_data,NAO,NAO,-1,0.4984135504164225
10,input_data,SAO,SAO,-1,0.4702418296519858
10,input_data,BOB,NPO,-5,-0.2514353049361099
10,input_data,SOO,SOO,-1,0.0
10,emulation,ARO,ARO,-1,0.6731276727663706
10,emulation,NPO,NPO,-1,0.5235188686875115
10,emulation,EPO,CAR,-1,0.13456489338240987
10,emulation,EPO,SEA,-1,0.17404026515779553
10,emulation,EPO,SPO,-1,0.10019005607706968
10,emulation,EPO,EAO,-1,0.17088153021757993
10,emulation,EPO,BOB,-1,0.17658013179297757
10,emulation,EPO,EIO,-1,0.2010583829855214
10,emulation,EPO,SIO,-1,0.1023300639131221
10,emulation,NAO,NAO,-1,0.46819733600329333
10,emulation,SAO,SAO,-1,0.4413660109068745
10,emulation,BOB,NPO,-5,-0.2728475658060842
10,emulation,SOO,SOO,-1,0.0
11,input_data,ARO,ARO,-1,0.675970573277393
11,input_data,NPO,NPO,-1,0.5253014305784536
11,input_data,EPO,CAR,-1,0.12024132306095686
11,input_data,EPO,SEA,-1,0.1568942073142653
11,input_data,EPO,SPO,-1,0.116703512212517
11,input_data,EPO,EAO,-1,0.22407587514349825
11,input_data,EPO,BOB,-1,0.16634989878894718
11,input_data,EPO,EIO,-1,0.19384082611912173
11,input_data,EPO,SIO,-1,0.12346679395708966
11,input_data,NAO,NAO,-1,0.4984135504164225
11,input_data,SAO,SAO,-1,0.4702418296519858
11,input_data,BOB,NPO,-5,-0.2514353049361099
11,input_data,SOO,SOO,-1,0.0
11,emulation,CAR,BOB,-4,-0.12360402015677392
11,emulation,ARO,ARO,-1,0.6136161263688489
11,emulation,NPO,NPO,-1,0.5447064023707037
11,emulation,EPO,CAR,-1,0.12442698397789821
11,emulation,EPO,SEA,-1,0.1637516955782381
11,emulation,EPO,SPO,-1,0.10436126471554907
11,emulation,EPO,EAO,-1,0.2313266996624803
11,emulation,EPO,BOB,-1,0.15906187645193054
11,emulation,EPO,EIO,-1,0.20600674877565184
11,emulation,EPO,SIO,-1,0.12934558606986088
11,emulation,NAO,NAO,-1,0.513219722231744
11,emulation,SAO,SAO,-1,0.476338270824796
11,emulation,BOB,NPO,-5,-0.20389374570365004
11,emulation,SOO,SOO,-1,0.0
12,input_data,ARO,ARO,-1,0.675970573277393
12,input_data,NPO,NPO,-1,0.5253014305784536
12,input_data,EPO,CAR,-1,0.12024132306095686
12,input_data,EPO,SEA,-1,0.1568942073142653
12,input_data,EPO,SPO,-1,0.116703512212517
12,input_data,EPO,EAO,-1,0.22407587514349825
12,input_data,EPO,BOB,-1,0.16634989878894718
12,input_data,EPO,EIO,-1,0.19384082611912173
12,input_data,EPO,SIO,-1,0.12346679395708966
12,input_data,NAO,NAO,-1,0.4984135504164225
12,input_data,SAO,SAO,-1,0.4702418296519858
12,input_data,BOB,NPO,-5,-0.2514353049361099
12,input_data,SOO,SOO,-1,0.0
12,emulation,ARO,ARO,-1,0.7232701707881085
12,emulation,NPO,NPO,-1,0.5742827323590558
12,emulation,EPO,CAR,-1,0.12453554168383213
12,emulation,EPO,SEA,-1,0.1298424650973877
12,emulation,EPO,SPO,-1,0.11844999515316545
12,emulation,EPO,EAO,-1,0.22537968693904217
12,emulation,EPO,BOB,-1,0.1585412912795262
12,emulation,EPO,EIO,-1,0.19084451283762296
12,emulation,EPO,SIO,-1,0.10109823875054409
12,emulation,NAO,NAO,-1,0.5067684686421234
12,emulation,SAO,EAO,-1,-0.2528720119143746
12,emulation,SAO,SAO,-1,0.42530535994852275
12,emulation,BOB,NPO,-5,-0.2072541724198002
12,emulation,SOO,SOO,-1,0.0
13,input_data,ARO,ARO,-1,0.675970573277393
13,input_data,NPO,NPO,-1,0.5253014305784536
13,input_data,EPO,CAR,-1,0.12024132306095686
13,input_data,EPO,SEA,-1,0.1568942073142653
13,input_data,EPO,SPO,-1,0.116703512212517
13,input_data,EPO,EAO,-1,0.22407587514349825
13,input_data,EPO,BOB,-1,0.16634989878894718
13,input_data,EPO,EIO,-1,0.19384082611912173
13,input_data,EPO,SIO,-1,0.12346679395708966
13,input_data,NAO,NAO,-1,0.4984135504164225
13,input_data,SAO,SAO,-1,0.4702418296519858
13,input_data,BOB,NPO,-5,-0.2514353049361099
13,input_data,SOO,SOO,-1,0.0
13,emulation,ARO,ARO,-1,0.7109054792347204
13,emulation,NPO,NPO,-1,0.4781088058180088
13,emulation,EPO,CAR,-1,0.13393221515803228
13,emulation,EPO,SEA,-1,0.16529108899893655
13,emulation,EPO,SPO,-1,0.10212254432594747
13,emulation,EPO,EAO,-1,0.24977439108570165
13,emulation,EPO,BOB,-1,0.1850816285048234
13,emulation,EPO,EIO,-1,0.19235646083808494
13,emulation,EPO,SIO,-1,0.10743493922602529
13,emulation,NAO,CAR,-4,0.14773943667495698
13,emulation,NAO,NAO,-1,0.46141505704504027
13,emulation,SAO,SAO,-1,0.4635839378042662
13,emulation,BOB,NPO,-5,-0.29464108107090714
13,emulation,SOO,SOO,-1,0.0
14,input_data,ARO,ARO,-1,0.675970573277393
14,input_data,NPO,NPO,-1,0.5253014305784536
14,input_data,EPO,CAR,-1,0.12024132306095686
14,input_data,EPO,SEA,-1,0.1568942073142653
14,input_data,EPO,SPO,-1,0.116703512212517
14,input_data,EPO,EAO,-1,0.22407587514349825
14,input_data,EPO,BOB,-1,0.16634989878894718
14,input_data,EPO,EIO,-1,0.19384082611912173
14,input_data,EPO,SIO,-1,0.12346679395708966
14,input_data,NAO,NAO,-1,0.4984135504164225
14,input_data,SAO,SAO,-1,0.4702418296519858
14,input_data,BOB,NPO,-5,-0.2514353049361099
14,input_data,SOO,SOO,-1,0.0
14,emulation,ARO,ARO,-1,0.7009142195081409
14,emulation,NPO,NPO,-1,0.4716873143280713
14,emulation,EPO,CAR,-1,0.0999562666797324
14,emulation,EPO,SEA,-1,0.17530795936238844
14,emulation,EPO,SPO,-1,0.11554072805807519
14,emulation,EPO,EAO,-1,0.20948962944116742
14,emulation,EPO,BOB,-1,0.1828417301923772
14,emulation,EPO,EIO,-1,0.18951813774720905
14,emulation,EPO,SIO,-1,0.12396060259483253
14,emulation,NAO,NAO,-1,0.4710838892118902
14,emulation,SAO,SAO,-1,0.3709434032577979
14,emulation,BOB,NPO,-5,-0.23225780386275843
14,emulation,SOO,SOO,-1,0.0
15,input_data,ARO,ARO,-1,0.675970573277393
15,input_data,NPO,NPO,-1,0.5253014305784536
15,input_data,EPO,CAR,-1,0.12024132306095686
15,input_data,EPO,SEA,-1,0.1568942073142653
15,input_data,EPO,SPO,-1,0.116703512212517
15,input_data,EPO,EAO,-1,0.22407587514349825
15,input_data,EPO,BOB,-1,0.16634989878894718
15,input_data,EPO,EIO,-1,0.19384082611912173
15,input_data,EPO,SIO,-1,0.12346679395708966
15,input_data,NAO,NAO,-1,0.4984135504164225
15,input_data,SAO,SAO,-1,0.4702418296519858
15,input_data,BOB,NPO,-5,-0.2514353049361099
15,input_data,SOO,SOO,-1,0.0
15,emulation,ARO,ARO,-1,0.6892335934783256
15,emulation,NPO,NPO,-1,0.540730981667115
15,emulation,EPO,CAR,-1,0.13163186396475493
15,emulation,EPO,SEA,-1,0.16216715563768644
15,emulation,EPO,SPO,-1,0.11966200541670124
15,emulation,EPO,EAO,-1,0.2268435984770603
15,emulation,EPO,BOB,-1,0.1500445227294538
15,emulation,EPO,EIO,-1,0.18507629950304805
15,emulation,EPO,SIO,-1,0.1469200265786514
15,emulation,NAO,NAO,-1,0.49981836120742
15,emulation,SAO,SAO,-1,0.47947276148074286
15,emulation,BOB,NPO,-5,-0.21305037584743733
15,emulation,BOB,EIO,-5,0.08998161522023598
15,emulation,SOO,SOO,-1,0.0
16,input_data,ARO,ARO,-1,0.675970573277393
16,input_data,NPO,NPO,-1,0.5253014305784536
16,input_data,EPO,CAR,-1,0.12024132306095686
16,input_data,EPO,SEA,-1,0.1568942073142653
16,input_data,EPO,SPO,-1,0.116703512212517
16,input_data,EPO,EAO,-1,0.22407587514349825
16,input_data,EPO,BOB,-1,0.16634989878894718
16,input_data,EPO,EIO,-1,0.19384082611912173
16,input_data,EPO,SIO,-1,0.12346679395708966
16,input_data,NAO,NAO,-1,0.4984135504164225
16,input_data,SAO,SAO,-1,0.4702418296519858
16,input_data,BOB,NPO,-5,-0.2514353049361099
16,input_data,SOO,SOO,-1,0.0
16,emulation,ARO,ARO,-1,0.6662347189130987
16,emulation,NPO,NPO,-1,0.5060696295484585
16,emulation,EPO,CAR,-1,0.10850368981101702
16,emulation,EPO,SEA,-1,0.14940991118892147
16,emulation,EPO,SPO,-1,0.11701611158903007
16,emulation,EPO,EAO,-1,0.1575490056524838
16,emulation,EPO,BOB,-1,0.1729698297660002
16,emulation,EPO,EIO,-1,0.19015283230501698
16,emulation,EPO,SIO,-1,0.12754977968247533
16,emulation,NAO,NAO,-1,0.45690391012714215
16,emulation,SAO,SAO,-1,0.5080910162402444
16,emulation,BOB,NPO,-5,-0.28189470593642224
16,emulation,SOO,SIO,-5,-0.16106042933313144
17,input_data,ARO,ARO,-1,0.675970573277393
17,input_data,NPO,NPO,-1,0.5253014305784536
17,input_data,EPO,CAR,-1,0.12024132306095686
17,input_data,EPO,SEA,-1,0.1568942073142653
17,input_data,EPO,SPO,-1,0.116703512212517
17,input_data,EPO,EAO,-1,0.22407587514349825
17,input_data,EPO,BOB,-1,0.16634989878894718
17,input_data,EPO,EIO,-1,0.19384082611912173
17,input_data,EPO,SIO,-1,0.12346679395708966
17,input_data,NAO,NAO,-1,0.4984135504164225
17,input_data,SAO,SAO,-1,0.4702418296519858
17,input_data,BOB,NPO,-5,-0.2514353049361099
17,input_data,SOO,SOO,-1,0.0
17,emulation,MED,NPO,-2,0.06313725814030939
17,emulation,ARO,ARO,-1,0.5921713410998536
17,emulation,NPO,NPO,-1,0.4193319216351316
17,emulation,EPO,CAR,-1,0.16035749127558535
17,emulation,EPO,SEA,-1,0.14978343124208401
17,emulation,EPO,SPO,-1,0.12484032461243748
17,emulation,EPO,EAO,-1,0.19564573917685257
17,emulation,EPO,BOB,-1,0.16504597774651103
17,emulation,EPO,EIO,-1,0.19626404963242258
17,emulation,EPO,SIO,-1,0.13374367849126015
17,emulation,NAO,NAO,-1,0.5042009330493908
17,emulation,SAO,SAO,-1,0.4933466244263937
17,emulation,BOB,NPO,-5,-0.2589657180021485
17,emulation,SOO,SOO,-1,0.0
18,input_data,ARO,ARO,-1,0.675970573277393
18,input_data,NPO,NPO,-1,0.5253014305784536
18,input_data,EPO,CAR,-1,0.12024132306095686
18,input_data,EPO,SEA,-1,0.1568942073142653
18,input_data,EPO,SPO,-1,0.116703512212517
18,input_data,EPO,EAO,-1,0.22407587514349825
18,input_data,EPO,BOB,-1,0.16634989878894718
18,input_data,EPO,EIO,-1,0.19384082611912173
18,input_data,EPO,SIO,-1,0.12346679395708966
18,input_data,NAO,NAO,-1,0.4984135504164225
18,input_data,SAO,SAO,-1,0.4702418296519858
18,input_data,BOB,NPO,-5,-0.2514353049361099
18,input_data,SOO,SOO,-1,0.0
18,emulation,ARO,ARO,-1,0.6391855802723921
18,emulation,NPO,NPO,-1,0.49385089799962995
18,emulation,EPO,CAR,-1,0.10520495553343918
18,emulation,EPO,SEA,-1,0.1644306842092229
18,emulation,EPO,SPO,-1,0.1198766867536065
18,emulation,EPO,EAO,-1,0.22863881341193243
18,emulation,EPO,BOB,-1,0.17084603628046904
18,emulation,EPO,EIO,-1,0.18449395855356215
18,emulation,EPO,SIO,-1,0.08023180003848815
18,emulation,NAO,NAO,-1,0.5559314024886578
18,emulation,SAO,SAO,-1,0.42384463107445214
18,emulation,BOB,NPO,-5,-0.3038790414878361
18,emulation,SOO,SOO,-1,0.0
19,input_data,ARO,ARO,-1,0.675970573277393
19,input_data,NPO,NPO,-1,0.5253014305784536
19,input_data,EPO,CAR,-1,0.12024132306095686
19,input_data,EPO,SEA,-1,0.1568942073142653
19,input_data,EPO,SPO,-1,0.116703512212517
19,input_data,EPO,EAO,-1,0.22407587514349825
19,input_data,EPO,BOB,-1,0.16634989878894718
19,input_data,EPO,EIO,-1,0.19384082611912173
19,input_data,EPO,SIO,-1,0.12346679395708966
19,input_data,NAO,NAO,-1,0.4984135504164225
19,input_data,SAO,SAO,-1,0.4702418296519858
19,input_data,BOB,NPO,-5,-0.2514353049361099
19,input_data,SOO,SOO,-1,0.0
19,emulation,ARO,ARO,-1,0.705265334137602
19,emulation,NPO,MED,-2,0.21648513172199957
19,emulation,NPO,NPO,-1,0.5341782737596186
19,emulation,EPO,CAR,-1,0.14367257878764164
19,emulation,EPO,SEA,-1,0.1439867800606484
19,emulation,EPO,SPO,-1,0.10372340124351856
19,emulation,EPO,EAO,-1,0.22819863984142089
19,emulation,EPO,BOB,-1,0.1613439527920979
19,emulation,EPO,EIO,-1,0.19883373139998858
19,emulation,EPO,SIO,-1,0.12650288840371976
19,emulation,NAO,NAO,-1,0.4766220255657515
19,emulation,SAO,SAO,-1,0.48947469163503654
19,emulation,BOB,NPO,-5,-0.28044913975628066
19,emulation,SOO,SOO,-1,0.0
20,input_data,ARO,ARO,-1,0.675970573277393
20,input_data,NPO,NPO,-1,0.5253014305784536
20,input_data,EPO,CAR,-1,0.12024132306095686
20,input_data,EPO,SEA,-1,0.1568942073142653
20,input_data,EPO,SPO,-1,0.116703512212517
20,input_data,EPO,EAO,-1,0.22407587514349825
20,input_data,EPO,BOB,-1,0.16634989878894718
20,input_data,EPO,EIO,-1,0.19384082611912173
20,input_data,EPO,SIO,-1,0.12346679395708966
20,input_data,NAO,NAO,-1,0.4984135504164225
20,input_data,SAO,SAO,-1,0.4702418296519858
20,input_data,BOB,NPO,-5,-0.2514353049361099
20,input_data,SOO,SOO,-1,0.0
20,emulation,ARO,ARO,-1,0.6555960231051647
20,emulation,NPO,NPO,-1,0.5644947158525081
20,emulation,EPO,CAR,-1,0.11949591549153236
20,emulation,EPO,SEA,-1,0.1407318488327146
20,emulation,EPO,SPO,-1,0.12204319419240425
20,emulation,EPO,EAO,-1,0.25510610888607177
20,emulation,EPO,BOB,-1,0.1647505222356124
20,emulation,EPO,EIO,-1,0.19810923806524539
20,emulation,EPO,SIO,-1,0.11823581031322154
20,emulation,NAO,NAO,-1,0.5384644726395672
20,emulation,SAO,SAO,-1,0.3973929035311431
20,emulation,BOB,NPO,-5,-0.2755104529594553
20,emulation,SOO,SOO,-1,0.0
21,input_data,ARO,ARO,-1,0.675970573277393
21,input_data,NPO,NPO,-1,0.5253014305784536
21,input_data,EPO,CAR,-1,0.12024132306095686
21,input_data,EPO,SEA,-1,0.1568942073142653
21,input_data,EPO,SPO,-1,0.116703512212517
21,input_data,EPO,EAO,-1,0.22407587514349825
21,input_data,EPO,BOB,-1,0.16634989878894718
21,input_data,EPO,EIO,-1,0.19384082611912173
21,input_data,EPO,SIO,-1,0.12346679395708966
21,input_data,NAO,NAO,-1,0.4984135504164225
21,input_data,SAO,SAO,-1,0.4702418296519858
21,input_data,BOB,NPO,-5,-0.2514353049361099
21,input_data,SOO,SOO,-1,0.0
21,emulation,ARO,ARO,-1,0.6531134664128694
21,emulation,NPO,NPO,-1,0.521716641082337
21,emulation,EPO,CAR,-1,0.12364729116265935
21,emulation,EPO,SEA,-1,0.16224157115758545
21,emulation,EPO,SPO,-1,0.10901332937954715
21,emulation,EPO,EAO,-1,0.209061545658212
21,emulation,EPO,BOB,-1,0.15940033500863
21,emulation,EPO,EIO,-1,0.18960590325040175
21,emulation,EPO,SIO,-1,0.11289375593806573
21,emulation,NAO,NAO,-1,0.5172326777082185
21,emulation,SAO,SAO,-1,0.45350578841743716
21,emulation,BOB,NPO,-5,-0.2564822580477096
21,emulation,SOO,SOO,-1,0.0
22,input_data,ARO,ARO,-1,0.675970573277393
22,input_data,NPO,NPO,-1,0.5253014305784536
22,input_data,EPO,CAR,-1,0.12024132306095686
22,input_data,EPO,SEA,-1,0.1568942073142653
22,input_data,EPO,SPO,-1,0.116703512212517
22,input_data,EPO,EAO,-1,0.22407587514349825
22,input_data,EPO,BOB,-1,0.16634989878894718
22,input_data,EPO,EIO,-1,0.19384082611912173
22,input_data,EPO,SIO,-1,0.12346679395708966
22,input_data,NAO,NAO,-1,0.4984135504164225
22,input_data,SAO,SAO,-1,0.4702418296519858
22,input_data,BOB,NPO,-5,-0.2514353049361099
22,input_data,SOO,SOO,-1,0.0
22,emulation,ARO,ARO,-1,0.6860742828835062
22,emulation,ARO,SIO,-4,-0.021799814832889446
22,emulation,NPO,NPO,-1,0.5866501291572106
22,emulation,EPO,CAR,-1,0.1272007564244458
22,emulation,EPO,SEA,-1,0.15902143414634198
22,emulation,EPO,SPO,-1,0.10938940284662452
22,emulation,EPO,EAO,-1,0.22096478943427533
22,emulation,EPO,BOB,-1,0.19037291831198644
22,emulation,EPO,EIO,-1,0.2166899993477927
22,emulation,EPO,SIO,-1,0.10017007271220672
22,emulation,NAO,NAO,-1,0.5617547215262306
22,emulation,SAO,SAO,-1,0.524888785320583
22,emulation,BOB,NPO,-5,-0.21754145108134487
22,emulation,EIO,SOO,-1,0.13775412106765292
22,emulation,SOO,SOO,-1,0.0
23,input_data,ARO,ARO,-1,0.675970573277393
23,input_data,NPO,NPO,-1,0.5253014305784536
23,input_data,EPO,CAR,-1,0.12024132306095686
23,input_data,EPO,SEA,-1,0.1568942073142653
23,input_data,EPO,SPO,-1,0.116703512212517
23,input_data,EPO,EAO,-1,0.22407587514349825
23,input_data,EPO,BOB,-1,0.16634989878894718
23,input_data,EPO,EIO,-1,0.19384082611912173
23,input_data,EPO,SIO,-1,0.12346679395708966
23,input_data,NAO,NAO,-1,0.4984135504164225
23,input_data,SAO,SAO,-1,0.4702418296519858
23,input_data,BOB,NPO,-5,-0.2514353049361099
23,input_data,SOO,SOO,-1,0.0
23,emulation,ARO,ARO,-1,0.6622014499870595
23,emulation,NPO,NPO,-1,0.5002566118552356
23,emulation,EPO,CAR,-1,0.11230433518344654
23,emulation,EPO,SEA,-1,0.15165330798312346
23,emulation,EPO,SPO,-1,0.11132760254446324
23,emulation,EPO,EAO,-1,0.2409219320475691
23,emulation,EPO,BOB,-1,0.15209434947308517
23,emulation,EPO,EIO,-1,0.19511129119554071
23,emulation,EPO,SIO,-1,0.12493883456637193
23,emulation,NAO,NAO,-1,0.447696735856352
23,emulation,SAO,SAO,-1,0.4978857457943723
23,emulation,BOB,NPO,-5,-0.18573991698867676
23,emulation,BOB,BOB,-3,0.13697232294315262
23,emulation,SIO,NPO,-1,0.12596155393321912
23,emulation,SOO,SOO,-1,0.0
24,input_data,ARO,ARO,-1,0.675970573277393
24,input_data,NPO,NPO,-1,0.5253014305784536
24,input_data,EPO,CAR,-1,0.12024132306095686
24,input_data,EPO,SEA,-1,0.1568942073142653
24,input_data,EPO,SPO,-1,0.116703512212517
24,input_data,EPO,EAO,-1,0.22407587514349825
24,input_data,EPO,BOB,-1,0.16634989878894718
24,input_data,EPO,EIO,-1,0.19384082611912173
24,input_data,EPO,SIO,-1,0.12346679395708966
24,input_data,NAO,NAO,-1,0.4984135504164225
24,input_data,SAO,SAO,-1,0.4702418296519858
24,input_data,BOB,NPO,-5,-0.2514353049361099
24,input_data,SOO,SOO,-1,0.0
24,emulation,ARO,ARO,-1,0.6679857952708688
24,emulation,NPO,NPO,-1,0.5690466998133357
24,emulation,EPO,CAR,-1,0.1251278334308174
24,emulation,EPO,SEA,-1,0.16534630532421773
24,emulation,EPO,SPO,-1,0.11354482516433569
24,emulation,EPO,EAO,-1,0.23320451200918907
24,emulation,EPO,BOB,-1,0.14368953049238736
24,emulation,EPO,EIO,-1,0.22020156517887426
24,emulation,EPO,SIO,-1,0.10201126554672728
24,emulation,NAO,NAO,-1,0.4853285649740216
24,emulation,SAO,SAO,-1,0.4915819655850061
24,emulation,BOB,NPO,-5,-0.3030931345476849
24,emulation,SOO,SOO,-1,0.0
25,input_data,ARO,ARO,-1,0.675970573277393
25,input_data,NPO,NPO,-1,0.5253014305784536
25,input_data,EPO,CAR,-1,0.12024132306095686
25,input_data,EPO,SEA,-1,0.1568942073142653
25,input_data,EPO,SPO,-1,0.116703512212517
25,input_data,EPO,EAO,-1,0.22407587514349825
25,input_data,EPO,BOB,-1,0.16634989878894718
25,input_data,EPO,EIO,-1,0.19384082611912173
25,input_data,EPO,SIO,-1,0.12346679395708966
25,input_data,NAO,NAO,-1,0.4984135504164225
25,input_data,SAO,SAO,-1,0.4702418296519858
25,input_data,BOB,NPO,-5,-0.2514353049361099
25,input_data,SOO,SOO,-1,0.0
25,emulation,ARO,ARO,-1,0.6906822396683996
25,emulation,NPO,NPO,-1,0.5728808306651166
25,emulation,NPO,SPO,-4,-0.07160312721609083
25,emulation,EPO,CAR,-1,0.1360237693412309
25,emulation,EPO,SEA,-1,0.13753771949663252
25,emulation,EPO,SPO,-1,0.12908805625745248
25,emulation,EPO,EAO,-1,0.23680763530584942
25,emulation,EPO,BOB,-1,0.17074735816557723
25,emulation,EPO,EIO,-1,0.18382467651584358
25,emulation,EPO,SIO,-1,0.12800116266104844
25,emulation,NAO,NAO,-1,0.519602142490169
25,emulation,SAO,SAO,-1,0.44408397645199
25,emulation,BOB,NPO,-5,-0.2631740579532922
25,emulation,BOB,NAO,-5,0.12462858604357667
25,emulation,EIO,EAO,-3,-0.18032455163816632
25,emulation,SOO,SOO,-1,0.0
26,input_data,ARO,ARO,-1,0.675970573277393
26,input_data,NPO,NPO,-1,0.5253014305784536
26,input_data,EPO,CAR,-1,0.12024132306095686
26,input_data,EPO,SEA,-1,0.1568942073142653
26,input_data,EPO,SPO,-1,0.116703512212517
26,input_data,EPO,EAO,-1,0.22407587514349825
26,input_data,EPO,BOB,-1,0.16634989878894718
26,input_data,EPO,EIO,-1,0.19384082611912173
26,input_data,EPO,SIO,-1,0.12346679395708966
26,input_data,NAO,NAO,-1,0.4984135504164225
26,input_data,SAO,SAO,-1,0.4702418296519858
26,input_data,BOB,NPO,-5,-0.2514353049361099
26,input_data,SOO,SOO,-1,0.0
26,emulation,ARO,ARO,-1,0.713780971808165
26,emulation,NPO,NPO,-1,0.5394491378392477
26,emulation,EPO,CAR,-1,0.13404904175052632
26,emulation,EPO,SEA,-1,0.14216312720844465
26,emulation,EPO,SPO,-1,0.11522041550452443
26,emulation,EPO,EAO,-1,0.20826447405254436
26,emulation,EPO,BOB,-1,0.137777051402982
26,emulation,EPO,EIO,-1,0.20892289733344468
26,emulation,EPO,SIO,-1,0.14473334900714313
26,emulation,NAO,NAO,-1,0.5538808364938832
26,emulation,SAO,SAO,-1,0.38000110048162355
26,emulation,BOB,NPO,-5,-0.242047038271878
26,emulation,SOO,SOO,-1,0.0
27,input_data,ARO,ARO,-1,0.675970573277393
27,input_data,NPO,NPO,-1,0.5253014305784536
27,input_data,EPO,CAR,-1,0.12024132306095686
27,input_data,EPO,SEA,-1,0.1568942073142653
27,input_data,EPO,SPO,-1,0.116703512212517
27,input_data,EPO,EAO,-1,0.22407587514349825
27,input_data,EPO,BOB,-1,0.16634989878894718
27,input_data,EPO,EIO,-1,0.19384082611912173
27,input_data,EPO,SIO,-1,0.12346679395708966
27,input_data,NAO,NAO,-1,0.4984135504164225
27,input_data,SAO,SAO,-1,0.4702418296519858
27,input_data,BOB,NPO,-5,-0.2514353049361099
27,input_data,SOO,SOO,-1,0.0
27,emulation,ARO,ARO,-1,0.6719599723392963
27,emulation,NPO,NPO,-1,0.5132910016148975
27,emulation,EPO,CAR,-1,0.10112329777667521
27,emulation,EPO,SEA,-1,0.15737785484797165
27,emulation,EPO,SPO,-1,0.10023517761473129
27,emulation,EPO,EAO,-1,0.18221220403654806
27,emulation,EPO,BOB,-1,0.1679098359086866
27,emulation,EPO,EIO,-1,0.2036136361834074
27,emulation,EPO,SIO,-1,0.127836778490797
27,emulation,NAO,NAO,-1,0.561170929186717
27,emulation,SAO,SAO,-1,0.4603549441995602
27,emulation,BOB,NPO,-5,-0.22952633721015347
27,emulation,SOO,SOO,-1,0.0
28,input_data,ARO,ARO,-1,0.675970573277393
28,input_data,NPO,NPO,-1,0.5253014305784536
28,input_data,EPO,CAR,-1,0.12024132306095686
28,input_data,EPO,SEA,-1,0.1568942073142653
28,input_data,EPO,SPO,-1,0.116703512212517
28,input_data,EPO,EAO,-1,0.22407587514349825
28,input_data,EPO,BOB,-1,0.16634989878894718
28,input_data,EPO,EIO,-1,0.19384082611912173
28,input_data,EPO,SIO,-1,0.12346679395708966
28,input_data,NAO,NAO,-1,0.4984135504164225
28,input_data,SAO,SAO,-1,0.4702418296519858
28,input_data,BOB,NPO,-5,-0.2514353049361099
28,input_data,SOO,SOO,-1,0.0
28,emulation,ARO,ARO,-1,0.7113754793043847
28,emulation,NPO,NPO,-1,0.579149287894117
28,emulation,EPO,CAR,-1,0.13596863206897197
28,emulation,EPO,SEA,-1,0.14808707410644473
28,emulation,EPO,SPO,-1,0.11941590504624863
28,emulation,EPO,EAO,-1,0.23480609555882256
28,emulation,EPO,SAO,-4,-0.05396943487865293
28,emulation,EPO,BOB,-1,0.19987961847329833
28,emulation,EPO,EIO,-1,0.18270619741457733
28,emulation,EPO,SIO,-1,0.12509951957426185
28,emulation,NAO,NAO,-1,0.5583177979142714
28,emulation,SAO,SAO,-1,0.4309568174098665
28,emulation,BOB,NPO,-5,-0.2808368943058973
28,emulation,SOO,SOO,-1,0.0
29,input_data,ARO,ARO,-1,0.675970573277393
29,input_data,NPO,NPO,-1,0.5253014305784536
29,input_data,EPO,CAR,-1,0.12024132306095686
29,input_data,EPO,SEA,-1,0.1568942073142653
29,input_data,EPO,SPO,-1,0.116703512212517
29,input_data,EPO,EAO,-1,0.22407587514349825
29,input_data,EPO,BOB,-1,0.16634989878894718
29,input_data,EPO,EIO,-1,0.19384082611912173
29,input_data,EPO,SIO,-1,0.12346679395708966
29,input_data,NAO,NAO,-1,0.4984135504164225
29,input_data,SAO,SAO,-1,0.4702418296519858
29,input_data,BOB,NPO,-5,-0.2514353049361099
29,input_data,SOO,SOO,-1,0.0
29,emulation,ARO,ARO,-1,0.6789029845491968
29,emulation,NPO,NPO,-1,0.5113216006037216
29,emulation,EPO,CAR,-1,0.1613988008612856
29,emulation,EPO,SEA,-1,0.14540971043181644
29,emulation,EPO,SPO,-1,0.13607470033252406
29,emulation,EPO,EAO,-1,0.14553044194875672
29,emulation,EPO,BOB,-1,0.15354282113091453
29,emulation,EPO,EIO,-1,0.20213962035886884
29,emulation,EPO,SIO,-1,0.1388153817597498
29,emulation,NAO,NAO,-1,0.47845990596848986
29,emulation,SAO,SAO,-1,0.46219504439707865
29,emulation,SAO,SOO,-5,0.13084541917613687
29,emulation,BOB,NPO,-5,-0.20072441785505654
29,emulation,SOO,SOO,-1,0.0
